DATE,U.S. National Average On-Highway,FSC,Index Price,Base Price per Gallon,MPG Escalator,,FSC Fomula:  (Index Price - Base Price) / MPG Escalator,,,,,,,,,,,,,,,,,
,Price / Gallon,CPM,U.S. Nat. Avg. On-Highway Price / Gal.,$1.20 ,6,,Can get weekly index price here:  https://www.eia.gov/petroleum/gasdiesel (U.S. On-Highway) ,,,,,,,,,,,,,,,,,
1/6/20, $3.079 , $0.31 ,,,,,,,,,,,,,,,,,,,,,,
1/13/20, $3.064 , $0.31 ,,,,,,,,,,,,,,,,,,,,,,
1/20/20, $3.037 , $0.31 ,,,,,,,,,,,,,,,,,,,,,,
1/27/20, $3.010 , $0.30 ,,,,,,,,,,,,,,,,,,,,,,
2/3/20, $2.956 , $0.29 ,,,,,,,,,,,,,,,,,,,,,,
2/10/20, $2.910 , $0.29 ,,,,,,,,,,,,,,,,,,,,,,
2/17/20, $2.890 , $0.28 ,,,,,,,,,,,,,,,,,,,,,,
2/24/20, $2.882 , $0.28 ,,,,,,,,,,,,,,,,,,,,,,
3/2/20, $2.851 , $0.28 ,,,,,,,,,,,,,,,,,,,,,,
3/9/20, $2.814 , $0.27 ,,,,,,,,,,,,,,,,,,,,,,
3/16/20, $2.733 , $0.26 ,,,,,,,,,,,,,,,,,,,,,,
3/23/20, $2.659 , $0.24 ,,,,,,,,,,,,,,,,,,,,,,
3/30/20, $2.586 , $0.23 ,,,,,,,,,,,,,,,,,,,,,,
4/6/20, $2.548 , $0.22 ,,,,,,,,,,,,,,,,,,,,,,
4/13/20, $2.507 , $0.22 ,,,,,,,,,,,,,,,,,,,,,,
4/20/20, $2.480 , $0.21 ,,,,,,,,,,,,,,,,,,,,,,
4/27/20, $2.437 , $0.21 ,,,,,,,,,,,,,,,,,,,,,,
5/4/20, $2.399 , $0.20 ,,,,,,,,,,,,,,,,,,,,,,
5/11/20, $2.394 , $0.20 ,,,,,,,,,,,,,,,,,,,,,,
5/18/20, $2.386 , $0.20 ,,,,,,,,,,,,,,,,,,,,,,
5/25/20, $2.390 , $0.20 ,,,,,,,,,,,,,,,,,,,,,,
6/1/20, $2.386 , $0.20 ,,,,,,,,,,,,,,,,,,,,,,
6/8/20, $2.396 , $0.20 ,,,,,,,,,,,,,,,,,,,,,,
6/15/20, $2.403 , $0.20 ,,,,,,,,,,,,,,,,,,,,,,
6/22/20, $2.425 , $0.20 ,,,,,,,,,,,,,,,,,,,,,,
6/29/20, $2.430 , $0.21 ,,,,,,,,,,,,,,,,,,,,,,
7/6/20, $2.437 , $0.21 ,,,,,,,,,,,,,,,,,,,,,,
7/13/20, $2.438 , $0.21 ,,,,,,,,,,,,,,,,,,,,,,
7/20/20, $2.433 , $0.21 ,,,,,,,,,,,,,,,,,,,,,,
7/27/20, $2.427 , $0.20 ,,,,,,,,,,,,,,,,,,,,,,
8/3/20, $2.424 , $0.20 ,,,,,,,,,,,,,,,,,,,,,,
8/10/20, $2.428 , $0.20 ,,,,,,,,,,,,,,,,,,,,,,
8/17/20, $2.427 , $0.20 ,,,,,,,,,,,,,,,,,,,,,,
8/24/20, $2.426 , $0.20 ,,,,,,,,,,,,,,,,,,,,,,
8/31/20, $2.441 , $0.21 ,,,,,,,,,,,,,,,,,,,,,,
9/7/20, $2.435 , $0.21 ,,,,,,,,,,,,,,,,,,,,,,
9/14/20, $2.422 , $0.20 ,,,,,,,,,,,,,,,,,,,,,,
9/21/20, $2.404 , $0.20 ,,,,,,,,,,,,,,,,,,,,,,
9/28/20, $2.394 , $0.20 ,,,,,,,,,,,,,,,,,,,,,,
10/5/20, $2.387 , $0.20 ,,,,,,,,,,,,,,,,,,,,,,
10/12/20, $2.395 , $0.20 ,,,,,,,,,,,,,,,,,,,,,,
10/19/20, $2.388 , $0.20 ,,,,,,,,,,,,,,,,,,,,,,
10/26/20, $2.385 , $0.20 ,,,,,,,,,,,,,,,,,,,,,,
11/2/20, $2.372 , $0.20 ,,,,,,,,,,,,,,,,,,,,,,
11/9/20, $2.383 , $0.20 ,,,,,,,,,,,,,,,,,,,,,,
11/16/20, $2.441 , $0.21 ,,,,,,,,,,,,,,,,,,,,,,
11/23/20, $2.462 , $0.21 ,,,,,,,,,,,,,,,,,,,,,,
11/30/20, $2.502 , $0.22 ,,,,,,,,,,,,,,,,,,,,,,
12/7/20, $2.526 , $0.22 ,,,,,,,,,,,,,,,,,,,,,,
12/14/20, $2.559 , $0.23 ,,,,,,,,,,,,,,,,,,,,,,
12/21/20, $2.619 , $0.24 ,,,,,,,,,,,,,,,,,,,,,,
12/28/20, $2.635 , $0.24 ,,,,,,,,,,,,,,,,,,,,,,
1/4/21, $2.640 , $0.24 ,,,,,,,,,,,,,,,,,,,,,,
1/11/21, $2.670 , $0.25 ,,,,,,,,,,,,,,,,,,,,,,
1/18/21, $2.696 , $0.25 ,,,,,,,,,,,,,,,,,,,,,,
1/25/21, $2.716 , $0.25 ,,,,,,,,,,,,,,,,,,,,,,
2/1/21, $2.738 , $0.26 ,,,,,,,,,,,,,,,,,,,,,,
2/8/21, $2.801 , $0.27 ,,,,,,,,,,,,,,,,,,,,,,
2/15/21, $2.876 , $0.28 ,,,,,,,,,,,,,,,,,,,,,,
2/22/21, $2.973 , $0.30 ,,,,,,,,,,,,,,,,,,,,,,
3/1/21, $3.072 , $0.31 ,,,,,,,,,,,,,,,,,,,,,,
3/8/21, $3.143 , $0.32 ,,,,,,,,,,,,,,,,,,,,,,
3/15/21, $3.191 , $0.33 ,,,,,,,,,,,,,,,,,,,,,,
3/22/21, $3.194 , $0.33 ,,,,,,,,,,,,,,,,,,,,,,
3/29/21, $3.161 , $0.33 ,,,,,,,,,,,,,,,,,,,,,,
4/5/21, $3.144 , $0.32 ,,,,,,,,,,,,,,,,,,,,,,
4/12/21, $3.129 , $0.32 ,,,,,,,,,,,,,,,,,,,,,,
4/19/21, $3.124 , $0.32 ,,,,,,,,,,,,,,,,,,,,,,
4/26/21, $3.124 , $0.32 ,,,,,,,,,,,,,,,,,,,,,,
5/3/21, $3.142 , $0.32 ,,,,,,,,,,,,,,,,,,,,,,
5/10/21, $3.186 , $0.33 ,,,,,,,,,,,,,,,,,,,,,,
5/17/21, $3.249 , $0.34 ,,,,,,,,,,,,,,,,,,,,,,
5/24/21, $3.253 , $0.34 ,,,,,,,,,,,,,,,,,,,,,,
5/31/21, $3.255 , $0.34 ,,,,,,,,,,,,,,,,,,,,,,
6/7/21, $3.274 , $0.35 ,,,,,,,,,,,,,,,,,,,,,,
6/14/21, $3.286 , $0.35 ,,,,,,,,,,,,,,,,,,,,,,
6/21/21, $3.287 , $0.35 ,,,,,,,,,,,,,,,,,,,,,,
6/28/21, $3.300 , $0.35 ,,,,,,,,,,,,,,,,,,,,,,
7/5/21, $3.331 , $0.36 ,,,,,,,,,,,,,,,,,,,,,,
7/12/21, $3.338 , $0.36 ,,,,,,,,,,,,,,,,,,,,,,
7/19/21, $3.344 , $0.36 ,,,,,,,,,,,,,,,,,,,,,,
7/26/21, $3.342 , $0.36 ,,,,,,,,,,,,,,,,,,,,,,
8/2/21, $3.367 , $0.36 ,,,,,,,,,,,,,,,,,,,,,,
8/9/21, $3.364 , $0.36 ,,,,,,,,,,,,,,,,,,,,,,
8/16/21, $3.356 , $0.36 ,,,,,,,,,,,,,,,,,,,,,,
8/23/21, $3.324 , $0.35 ,,,,,,,,,,,,,,,,,,,,,,
8/30/21, $3.339 , $0.36 ,,,,,,,,,,,,,,,,,,,,,,
9/6/21, $3.373 , $0.36 ,,,,,,,,,,,,,,,,,,,,,,
9/13/21, $3.372 , $0.36 ,,,,,,,,,,,,,,,,,,,,,,
9/20/21, $3.385 , $0.36 ,,,,,,,,,,,,,,,,,,,,,,
9/27/21, $3.406 , $0.37 ,,,,,,,,,,,,,,,,,,,,,,
10/4/21, $3.477 , $0.38 ,,,,,,,,,,,,,,,,,,,,,,
10/11/21, $3.586 , $0.40 ,,,,,,,,,,,,,,,,,,,,,,
10/18/21, $3.671 , $0.41 ,,,,,,,,,,,,,,,,,,,,,,
10/25/21, $3.713 , $0.42 ,,,,,,,,,,,,,,,,,,,,,,
11/1/21, $3.727 , $0.42 ,,,,,,,,,,,,,,,,,,,,,,
11/8/21, $3.730 , $0.42 ,,,,,,,,,,,,,,,,,,,,,,
11/15/21, $3.734 , $0.42 ,,,,,,,,,,,,,,,,,,,,,,
11/22/21, $3.724 , $0.42 ,,,,,,,,,,,,,,,,,,,,,,
11/29/21, $3.720 , $0.42 ,,,,,,,,,,,,,,,,,,,,,,
12/6/21, $3.674 , $0.41 ,,,,,,,,,,,,,,,,,,,,,,
12/13/21, $3.649 , $0.41 ,,,,,,,,,,,,,,,,,,,,,,
12/20/21, $3.626 , $0.40 ,,,,,,,,,,,,,,,,,,,,,,
12/27/21, $3.615 , $0.40 ,,,,,,,,,,,,,,,,,,,,,,
1/3/22, $3.613 , $0.40 ,,,,,,,,,,,,,,,,,,,,,,
1/10/22, $3.657 , $0.41 ,,,,,,,,,,,,,,,,,,,,,,
1/17/22, $3.725 , $0.42 ,,,,,,,,,,,,,,,,,,,,,,
1/24/22, $3.780 , $0.43 ,,,,,,,,,,,,,,,,,,,,,,
1/31/22, $3.846 , $0.44 ,,,,,,,,,,,,,,,,,,,,,,
2/7/22, $3.951 , $0.46 ,,,,,,,,,,,,,,,,,,,,,,
2/14/22, $4.019 , $0.47 ,,,,,,,,,,,,,,,,,,,,,,
2/21/22, $4.055 , $0.48 ,,,,,,,,,,,,,,,,,,,,,,
2/28/22, $4.104 , $0.48 ,,,,,,,,,,,,,,,,,,,,,,
3/7/22, $4.849 , $0.61 ,,,,,,,,,,,,,,,,,,,,,,
3/14/22, $5.250 , $0.68 ,,,,,,,,,,,,,,,,,,,,,,
3/21/22, $5.134 , $0.66 ,,,,,,,,,,,,,,,,,,,,,,
3/28/22, $5.185 , $0.66 ,,,,,,,,,,,,,,,,,,,,,,
4/4/22, $5.144 , $0.66 ,,,,,,,,,,,,,,,,,,,,,,
4/11/22, $5.073 , $0.65 ,,,,,,,,,,,,,,,,,,,,,,
4/18/22, $5.101 , $0.65 ,,,,,,,,,,,,,,,,,,,,,,
4/25/22, $5.160 , $0.66 ,,,,,,,,,,,,,,,,,,,,,,
5/2/22, $5.509 , $0.72 ,,,,,,,,,,,,,,,,,,,,,,
5/9/22, $5.623 , $0.74 ,,,,,,,,,,,,,,,,,,,,,,
5/16/22, $5.613 , $0.74 ,,,,,,,,,,,,,,,,,,,,,,
5/23/22, $5.571 , $0.73 ,,,,,,,,,,,,,,,,,,,,,,
5/30/22, $5.539 , $0.72 ,,,,,,,,,,,,,,,,,,,,,,
6/6/22, $5.703 , $0.75 ,,,,,,,,,,,,,,,,,,,,,,
6/13/22, $5.718 , $0.75 ,,,,,,,,,,,,,,,,,,,,,,
6/20/22, $5.810 , $0.77 ,,,,,,,,,,,,,,,,,,,,,,
6/27/22, $5.783 , $0.76 ,,,,,,,,,,,,,,,,,,,,,,
7/4/22, $5.675 , $0.75 ,,,,,,,,,,,,,,,,,,,,,,
7/11/22, $5.568 , $0.73 ,,,,,,,,,,,,,,,,,,,,,,
7/18/22, $5.432 , $0.71 ,,,,,,,,,,,,,,,,,,,,,,
7/25/22, $5.268 , $0.68 ,,,,,,,,,,,,,,,,,,,,,,
8/1/22, $5.138 , $0.66 ,,,,,,,,,,,,,,,,,,,,,,
8/8/22, $4.993 , $0.63 ,,,,,,,,,,,,,,,,,,,,,,
8/15/22, $4.911 , $0.62 ,,,,,,,,,,,,,,,,,,,,,,
8/22/22, $4.909 , $0.62 ,,,,,,,,,,,,,,,,,,,,,,
8/29/22, $5.115 , $0.65 ,,,,,,,,,,,,,,,,,,,,,,
9/5/22, $5.084 , $0.65 ,,,,,,,,,,,,,,,,,,,,,,
9/12/22, $5.033 , $0.64 ,,,,,,,,,,,,,,,,,,,,,,
9/19/22, $4.964 , $0.63 ,,,,,,,,,,,,,,,,,,,,,,
9/26/22, $4.889 , $0.61 ,,,,,,,,,,,,,,,,,,,,,,
10/3/22, $4.836 , $0.61 ,,,,,,,,,,,,,,,,,,,,,,
10/10/22, $5.224 , $0.67 ,,,,,,,,,,,,,,,,,,,,,,
10/17/22, $5.339 , $0.69 ,,,,,,,,,,,,,,,,,,,,,,
10/24/22, $5.341 , $0.69 ,,,,,,,,,,,,,,,,,,,,,,
10/31/22, $5.317 , $0.69 ,,,,,,,,,,,,,,,,,,,,,,
11/7/22, $5.333 , $0.69 ,,,,,,,,,,,,,,,,,,,,,,
11/14/22,,,,,,,,,,,,,,,,,,,,,,,,
11/21/22,,,,,,,,,,,,,,,,,,,,,,,,
11/28/22,,,,,,,,,,,,,,,,,,,,,,,,
12/5/22,,,,,,,,,,,,,,,,,,,,,,,,
12/12/22,,,,,,,,,,,,,,,,,,,,,,,,
12/19/22,,,,,,,,,,,,,,,,,,,,,,,,
12/26/22,,,,,,,,,,,,,,,,,,,,,,,,
1/2/23,,,,,,,,,,,,,,,,,,,,,,,,
1/9/23,,,,,,,,,,,,,,,,,,,,,,,,
1/16/23,,,,,,,,,,,,,,,,,,,,,,,,
1/23/23,,,,,,,,,,,,,,,,,,,,,,,,
1/30/23,,,,,,,,,,,,,,,,,,,,,,,,
2/6/23,,,,,,,,,,,,,,,,,,,,,,,,
2/13/23,,,,,,,,,,,,,,,,,,,,,,,,
2/20/23,,,,,,,,,,,,,,,,,,,,,,,,
2/27/23,,,,,,,,,,,,,,,,,,,,,,,,
3/6/23,,,,,,,,,,,,,,,,,,,,,,,,
3/13/23,,,,,,,,,,,,,,,,,,,,,,,,
3/20/23,,,,,,,,,,,,,,,,,,,,,,,,
3/27/23,,,,,,,,,,,,,,,,,,,,,,,,
4/3/23,,,,,,,,,,,,,,,,,,,,,,,,
4/10/23,,,,,,,,,,,,,,,,,,,,,,,,
4/17/23,,,,,,,,,,,,,,,,,,,,,,,,
4/24/23,,,,,,,,,,,,,,,,,,,,,,,,
5/1/23,,,,,,,,,,,,,,,,,,,,,,,,
5/8/23,,,,,,,,,,,,,,,,,,,,,,,,
5/15/23,,,,,,,,,,,,,,,,,,,,,,,,
5/22/23,,,,,,,,,,,,,,,,,,,,,,,,
5/29/23,,,,,,,,,,,,,,,,,,,,,,,,
6/5/23,,,,,,,,,,,,,,,,,,,,,,,,
6/12/23,,,,,,,,,,,,,,,,,,,,,,,,
6/19/23,,,,,,,,,,,,,,,,,,,,,,,,
6/26/23,,,,,,,,,,,,,,,,,,,,,,,,
7/3/23,,,,,,,,,,,,,,,,,,,,,,,,
7/10/23,,,,,,,,,,,,,,,,,,,,,,,,
7/17/23,,,,,,,,,,,,,,,,,,,,,,,,
7/24/23,,,,,,,,,,,,,,,,,,,,,,,,
7/31/23,,,,,,,,,,,,,,,,,,,,,,,,
8/7/23,,,,,,,,,,,,,,,,,,,,,,,,
8/14/23,,,,,,,,,,,,,,,,,,,,,,,,
8/21/23,,,,,,,,,,,,,,,,,,,,,,,,
8/28/23,,,,,,,,,,,,,,,,,,,,,,,,
9/4/23,,,,,,,,,,,,,,,,,,,,,,,,
9/11/23,,,,,,,,,,,,,,,,,,,,,,,,
9/18/23,,,,,,,,,,,,,,,,,,,,,,,,
9/25/23,,,,,,,,,,,,,,,,,,,,,,,,
10/2/23,,,,,,,,,,,,,,,,,,,,,,,,
10/9/23,,,,,,,,,,,,,,,,,,,,,,,,
10/16/23,,,,,,,,,,,,,,,,,,,,,,,,
10/23/23,,,,,,,,,,,,,,,,,,,,,,,,
10/30/23,,,,,,,,,,,,,,,,,,,,,,,,
11/6/23,,,,,,,,,,,,,,,,,,,,,,,,
11/13/23,,,,,,,,,,,,,,,,,,,,,,,,
11/20/23,,,,,,,,,,,,,,,,,,,,,,,,
11/27/23,,,,,,,,,,,,,,,,,,,,,,,,
12/4/23,,,,,,,,,,,,,,,,,,,,,,,,
12/11/23,,,,,,,,,,,,,,,,,,,,,,,,
12/18/23,,,,,,,,,,,,,,,,,,,,,,,,
12/25/23,,,,,,,,,,,,,,,,,,,,,,,,
1/1/24,,,,,,,,,,,,,,,,,,,,,,,,
1/8/24,,,,,,,,,,,,,,,,,,,,,,,,
1/15/24,,,,,,,,,,,,,,,,,,,,,,,,
1/22/24,,,,,,,,,,,,,,,,,,,,,,,,
1/29/24,,,,,,,,,,,,,,,,,,,,,,,,
2/5/24,,,,,,,,,,,,,,,,,,,,,,,,
2/12/24,,,,,,,,,,,,,,,,,,,,,,,,
2/19/24,,,,,,,,,,,,,,,,,,,,,,,,
2/26/24,,,,,,,,,,,,,,,,,,,,,,,,
3/4/24,,,,,,,,,,,,,,,,,,,,,,,,
3/11/24,,,,,,,,,,,,,,,,,,,,,,,,
3/18/24,,,,,,,,,,,,,,,,,,,,,,,,
3/25/24,,,,,,,,,,,,,,,,,,,,,,,,
4/1/24,,,,,,,,,,,,,,,,,,,,,,,,
4/8/24,,,,,,,,,,,,,,,,,,,,,,,,
4/15/24,,,,,,,,,,,,,,,,,,,,,,,,
4/22/24,,,,,,,,,,,,,,,,,,,,,,,,
4/29/24,,,,,,,,,,,,,,,,,,,,,,,,
5/6/24,,,,,,,,,,,,,,,,,,,,,,,,
5/13/24,,,,,,,,,,,,,,,,,,,,,,,,
5/20/24,,,,,,,,,,,,,,,,,,,,,,,,
5/27/24,,,,,,,,,,,,,,,,,,,,,,,,
6/3/24,,,,,,,,,,,,,,,,,,,,,,,,
6/10/24,,,,,,,,,,,,,,,,,,,,,,,,
6/17/24,,,,,,,,,,,,,,,,,,,,,,,,
6/24/24,,,,,,,,,,,,,,,,,,,,,,,,
7/1/24,,,,,,,,,,,,,,,,,,,,,,,,
7/8/24,,,,,,,,,,,,,,,,,,,,,,,,
7/15/24,,,,,,,,,,,,,,,,,,,,,,,,
7/22/24,,,,,,,,,,,,,,,,,,,,,,,,
7/29/24,,,,,,,,,,,,,,,,,,,,,,,,
8/5/24,,,,,,,,,,,,,,,,,,,,,,,,
8/12/24,,,,,,,,,,,,,,,,,,,,,,,,
8/19/24,,,,,,,,,,,,,,,,,,,,,,,,
8/26/24,,,,,,,,,,,,,,,,,,,,,,,,
9/2/24,,,,,,,,,,,,,,,,,,,,,,,,
9/9/24,,,,,,,,,,,,,,,,,,,,,,,,
9/16/24,,,,,,,,,,,,,,,,,,,,,,,,
9/23/24,,,,,,,,,,,,,,,,,,,,,,,,
9/30/24,,,,,,,,,,,,,,,,,,,,,,,,
10/7/24,,,,,,,,,,,,,,,,,,,,,,,,
10/14/24,,,,,,,,,,,,,,,,,,,,,,,,
10/21/24,,,,,,,,,,,,,,,,,,,,,,,,
10/28/24,,,,,,,,,,,,,,,,,,,,,,,,
11/4/24,,,,,,,,,,,,,,,,,,,,,,,,
11/11/24,,,,,,,,,,,,,,,,,,,,,,,,
11/18/24,,,,,,,,,,,,,,,,,,,,,,,,
11/25/24,,,,,,,,,,,,,,,,,,,,,,,,
12/2/24,,,,,,,,,,,,,,,,,,,,,,,,
12/9/24,,,,,,,,,,,,,,,,,,,,,,,,
12/16/24,,,,,,,,,,,,,,,,,,,,,,,,
12/23/24,,,,,,,,,,,,,,,,,,,,,,,,
12/30/24,,,,,,,,,,,,,,,,,,,,,,,,
1/6/25,,,,,,,,,,,,,,,,,,,,,,,,
1/13/25,,,,,,,,,,,,,,,,,,,,,,,,
1/20/25,,,,,,,,,,,,,,,,,,,,,,,,
1/27/25,,,,,,,,,,,,,,,,,,,,,,,,
2/3/25,,,,,,,,,,,,,,,,,,,,,,,,
2/10/25,,,,,,,,,,,,,,,,,,,,,,,,
2/17/25,,,,,,,,,,,,,,,,,,,,,,,,
2/24/25,,,,,,,,,,,,,,,,,,,,,,,,
3/3/25,,,,,,,,,,,,,,,,,,,,,,,,
3/10/25,,,,,,,,,,,,,,,,,,,,,,,,
3/17/25,,,,,,,,,,,,,,,,,,,,,,,,
3/24/25,,,,,,,,,,,,,,,,,,,,,,,,
3/31/25,,,,,,,,,,,,,,,,,,,,,,,,
4/7/25,,,,,,,,,,,,,,,,,,,,,,,,
4/14/25,,,,,,,,,,,,,,,,,,,,,,,,
4/21/25,,,,,,,,,,,,,,,,,,,,,,,,
4/28/25,,,,,,,,,,,,,,,,,,,,,,,,
5/5/25,,,,,,,,,,,,,,,,,,,,,,,,
5/12/25,,,,,,,,,,,,,,,,,,,,,,,,
5/19/25,,,,,,,,,,,,,,,,,,,,,,,,
5/26/25,,,,,,,,,,,,,,,,,,,,,,,,
6/2/25,,,,,,,,,,,,,,,,,,,,,,,,
6/9/25,,,,,,,,,,,,,,,,,,,,,,,,
6/16/25,,,,,,,,,,,,,,,,,,,,,,,,
6/23/25,,,,,,,,,,,,,,,,,,,,,,,,
6/30/25,,,,,,,,,,,,,,,,,,,,,,,,
7/7/25,,,,,,,,,,,,,,,,,,,,,,,,
7/14/25,,,,,,,,,,,,,,,,,,,,,,,,
7/21/25,,,,,,,,,,,,,,,,,,,,,,,,
7/28/25,,,,,,,,,,,,,,,,,,,,,,,,
8/4/25,,,,,,,,,,,,,,,,,,,,,,,,
8/11/25,,,,,,,,,,,,,,,,,,,,,,,,
8/18/25,,,,,,,,,,,,,,,,,,,,,,,,
8/25/25,,,,,,,,,,,,,,,,,,,,,,,,
9/1/25,,,,,,,,,,,,,,,,,,,,,,,,
9/8/25,,,,,,,,,,,,,,,,,,,,,,,,
9/15/25,,,,,,,,,,,,,,,,,,,,,,,,
9/22/25,,,,,,,,,,,,,,,,,,,,,,,,
9/29/25,,,,,,,,,,,,,,,,,,,,,,,,
10/6/25,,,,,,,,,,,,,,,,,,,,,,,,
10/13/25,,,,,,,,,,,,,,,,,,,,,,,,
10/20/25,,,,,,,,,,,,,,,,,,,,,,,,
10/27/25,,,,,,,,,,,,,,,,,,,,,,,,
11/3/25,,,,,,,,,,,,,,,,,,,,,,,,
11/10/25,,,,,,,,,,,,,,,,,,,,,,,,
11/17/25,,,,,,,,,,,,,,,,,,,,,,,,
11/24/25,,,,,,,,,,,,,,,,,,,,,,,,
12/1/25,,,,,,,,,,,,,,,,,,,,,,,,
12/8/25,,,,,,,,,,,,,,,,,,,,,,,,
12/15/25,,,,,,,,,,,,,,,,,,,,,,,,
12/22/25,,,,,,,,,,,,,,,,,,,,,,,,
12/29/25,,,,,,,,,,,,,,,,,,,,,,,,
1/5/26,,,,,,,,,,,,,,,,,,,,,,,,
1/12/26,,,,,,,,,,,,,,,,,,,,,,,,
1/19/26,,,,,,,,,,,,,,,,,,,,,,,,
1/26/26,,,,,,,,,,,,,,,,,,,,,,,,
2/2/26,,,,,,,,,,,,,,,,,,,,,,,,
2/9/26,,,,,,,,,,,,,,,,,,,,,,,,
2/16/26,,,,,,,,,,,,,,,,,,,,,,,,
2/23/26,,,,,,,,,,,,,,,,,,,,,,,,
3/2/26,,,,,,,,,,,,,,,,,,,,,,,,
3/9/26,,,,,,,,,,,,,,,,,,,,,,,,
3/16/26,,,,,,,,,,,,,,,,,,,,,,,,
3/23/26,,,,,,,,,,,,,,,,,,,,,,,,
3/30/26,,,,,,,,,,,,,,,,,,,,,,,,
4/6/26,,,,,,,,,,,,,,,,,,,,,,,,
4/13/26,,,,,,,,,,,,,,,,,,,,,,,,
4/20/26,,,,,,,,,,,,,,,,,,,,,,,,
4/27/26,,,,,,,,,,,,,,,,,,,,,,,,
5/4/26,,,,,,,,,,,,,,,,,,,,,,,,
5/11/26,,,,,,,,,,,,,,,,,,,,,,,,
5/18/26,,,,,,,,,,,,,,,,,,,,,,,,
5/25/26,,,,,,,,,,,,,,,,,,,,,,,,
6/1/26,,,,,,,,,,,,,,,,,,,,,,,,
6/8/26,,,,,,,,,,,,,,,,,,,,,,,,
6/15/26,,,,,,,,,,,,,,,,,,,,,,,,
6/22/26,,,,,,,,,,,,,,,,,,,,,,,,
6/29/26,,,,,,,,,,,,,,,,,,,,,,,,
7/6/26,,,,,,,,,,,,,,,,,,,,,,,,
7/13/26,,,,,,,,,,,,,,,,,,,,,,,,
7/20/26,,,,,,,,,,,,,,,,,,,,,,,,
7/27/26,,,,,,,,,,,,,,,,,,,,,,,,
8/3/26,,,,,,,,,,,,,,,,,,,,,,,,
8/10/26,,,,,,,,,,,,,,,,,,,,,,,,
8/17/26,,,,,,,,,,,,,,,,,,,,,,,,
8/24/26,,,,,,,,,,,,,,,,,,,,,,,,
8/31/26,,,,,,,,,,,,,,,,,,,,,,,,
9/7/26,,,,,,,,,,,,,,,,,,,,,,,,
9/14/26,,,,,,,,,,,,,,,,,,,,,,,,
9/21/26,,,,,,,,,,,,,,,,,,,,,,,,
9/28/26,,,,,,,,,,,,,,,,,,,,,,,,
10/5/26,,,,,,,,,,,,,,,,,,,,,,,,
10/12/26,,,,,,,,,,,,,,,,,,,,,,,,
10/19/26,,,,,,,,,,,,,,,,,,,,,,,,
10/26/26,,,,,,,,,,,,,,,,,,,,,,,,
11/2/26,,,,,,,,,,,,,,,,,,,,,,,,
11/9/26,,,,,,,,,,,,,,,,,,,,,,,,
11/16/26,,,,,,,,,,,,,,,,,,,,,,,,
11/23/26,,,,,,,,,,,,,,,,,,,,,,,,
11/30/26,,,,,,,,,,,,,,,,,,,,,,,,
12/7/26,,,,,,,,,,,,,,,,,,,,,,,,
12/14/26,,,,,,,,,,,,,,,,,,,,,,,,
12/21/26,,,,,,,,,,,,,,,,,,,,,,,,
12/28/26,,,,,,,,,,,,,,,,,,,,,,,,
1/4/27,,,,,,,,,,,,,,,,,,,,,,,,
1/11/27,,,,,,,,,,,,,,,,,,,,,,,,
1/18/27,,,,,,,,,,,,,,,,,,,,,,,,
1/25/27,,,,,,,,,,,,,,,,,,,,,,,,
2/1/27,,,,,,,,,,,,,,,,,,,,,,,,
2/8/27,,,,,,,,,,,,,,,,,,,,,,,,
2/15/27,,,,,,,,,,,,,,,,,,,,,,,,
2/22/27,,,,,,,,,,,,,,,,,,,,,,,,
3/1/27,,,,,,,,,,,,,,,,,,,,,,,,
3/8/27,,,,,,,,,,,,,,,,,,,,,,,,
3/15/27,,,,,,,,,,,,,,,,,,,,,,,,
3/22/27,,,,,,,,,,,,,,,,,,,,,,,,
3/29/27,,,,,,,,,,,,,,,,,,,,,,,,
4/5/27,,,,,,,,,,,,,,,,,,,,,,,,
4/12/27,,,,,,,,,,,,,,,,,,,,,,,,
4/19/27,,,,,,,,,,,,,,,,,,,,,,,,
4/26/27,,,,,,,,,,,,,,,,,,,,,,,,
5/3/27,,,,,,,,,,,,,,,,,,,,,,,,
5/10/27,,,,,,,,,,,,,,,,,,,,,,,,
5/17/27,,,,,,,,,,,,,,,,,,,,,,,,
5/24/27,,,,,,,,,,,,,,,,,,,,,,,,
5/31/27,,,,,,,,,,,,,,,,,,,,,,,,
6/7/27,,,,,,,,,,,,,,,,,,,,,,,,
6/14/27,,,,,,,,,,,,,,,,,,,,,,,,
6/21/27,,,,,,,,,,,,,,,,,,,,,,,,
6/28/27,,,,,,,,,,,,,,,,,,,,,,,,
7/5/27,,,,,,,,,,,,,,,,,,,,,,,,
7/12/27,,,,,,,,,,,,,,,,,,,,,,,,
7/19/27,,,,,,,,,,,,,,,,,,,,,,,,
7/26/27,,,,,,,,,,,,,,,,,,,,,,,,
8/2/27,,,,,,,,,,,,,,,,,,,,,,,,
8/9/27,,,,,,,,,,,,,,,,,,,,,,,,
8/16/27,,,,,,,,,,,,,,,,,,,,,,,,
8/23/27,,,,,,,,,,,,,,,,,,,,,,,,
8/30/27,,,,,,,,,,,,,,,,,,,,,,,,
9/6/27,,,,,,,,,,,,,,,,,,,,,,,,
9/13/27,,,,,,,,,,,,,,,,,,,,,,,,
9/20/27,,,,,,,,,,,,,,,,,,,,,,,,
9/27/27,,,,,,,,,,,,,,,,,,,,,,,,
10/4/27,,,,,,,,,,,,,,,,,,,,,,,,
10/11/27,,,,,,,,,,,,,,,,,,,,,,,,
10/18/27,,,,,,,,,,,,,,,,,,,,,,,,
10/25/27,,,,,,,,,,,,,,,,,,,,,,,,
11/1/27,,,,,,,,,,,,,,,,,,,,,,,,
11/8/27,,,,,,,,,,,,,,,,,,,,,,,,
11/15/27,,,,,,,,,,,,,,,,,,,,,,,,
11/22/27,,,,,,,,,,,,,,,,,,,,,,,,
11/29/27,,,,,,,,,,,,,,,,,,,,,,,,
12/6/27,,,,,,,,,,,,,,,,,,,,,,,,
12/13/27,,,,,,,,,,,,,,,,,,,,,,,,
12/20/27,,,,,,,,,,,,,,,,,,,,,,,,
12/27/27,,,,,,,,,,,,,,,,,,,,,,,,
1/3/28,,,,,,,,,,,,,,,,,,,,,,,,
1/10/28,,,,,,,,,,,,,,,,,,,,,,,,
1/17/28,,,,,,,,,,,,,,,,,,,,,,,,
1/24/28,,,,,,,,,,,,,,,,,,,,,,,,
1/31/28,,,,,,,,,,,,,,,,,,,,,,,,
2/7/28,,,,,,,,,,,,,,,,,,,,,,,,
2/14/28,,,,,,,,,,,,,,,,,,,,,,,,
2/21/28,,,,,,,,,,,,,,,,,,,,,,,,
2/28/28,,,,,,,,,,,,,,,,,,,,,,,,
3/6/28,,,,,,,,,,,,,,,,,,,,,,,,
3/13/28,,,,,,,,,,,,,,,,,,,,,,,,
3/20/28,,,,,,,,,,,,,,,,,,,,,,,,
3/27/28,,,,,,,,,,,,,,,,,,,,,,,,
4/3/28,,,,,,,,,,,,,,,,,,,,,,,,
4/10/28,,,,,,,,,,,,,,,,,,,,,,,,
4/17/28,,,,,,,,,,,,,,,,,,,,,,,,
4/24/28,,,,,,,,,,,,,,,,,,,,,,,,
5/1/28,,,,,,,,,,,,,,,,,,,,,,,,
5/8/28,,,,,,,,,,,,,,,,,,,,,,,,
5/15/28,,,,,,,,,,,,,,,,,,,,,,,,
5/22/28,,,,,,,,,,,,,,,,,,,,,,,,
5/29/28,,,,,,,,,,,,,,,,,,,,,,,,
6/5/28,,,,,,,,,,,,,,,,,,,,,,,,
6/12/28,,,,,,,,,,,,,,,,,,,,,,,,
6/19/28,,,,,,,,,,,,,,,,,,,,,,,,
6/26/28,,,,,,,,,,,,,,,,,,,,,,,,
7/3/28,,,,,,,,,,,,,,,,,,,,,,,,
7/10/28,,,,,,,,,,,,,,,,,,,,,,,,
7/17/28,,,,,,,,,,,,,,,,,,,,,,,,
7/24/28,,,,,,,,,,,,,,,,,,,,,,,,
7/31/28,,,,,,,,,,,,,,,,,,,,,,,,
8/7/28,,,,,,,,,,,,,,,,,,,,,,,,
8/14/28,,,,,,,,,,,,,,,,,,,,,,,,
8/21/28,,,,,,,,,,,,,,,,,,,,,,,,
8/28/28,,,,,,,,,,,,,,,,,,,,,,,,
9/4/28,,,,,,,,,,,,,,,,,,,,,,,,
9/11/28,,,,,,,,,,,,,,,,,,,,,,,,
9/18/28,,,,,,,,,,,,,,,,,,,,,,,,
9/25/28,,,,,,,,,,,,,,,,,,,,,,,,
10/2/28,,,,,,,,,,,,,,,,,,,,,,,,
10/9/28,,,,,,,,,,,,,,,,,,,,,,,,
10/16/28,,,,,,,,,,,,,,,,,,,,,,,,
10/23/28,,,,,,,,,,,,,,,,,,,,,,,,
10/30/28,,,,,,,,,,,,,,,,,,,,,,,,
11/6/28,,,,,,,,,,,,,,,,,,,,,,,,
11/13/28,,,,,,,,,,,,,,,,,,,,,,,,
11/20/28,,,,,,,,,,,,,,,,,,,,,,,,
11/27/28,,,,,,,,,,,,,,,,,,,,,,,,
12/4/28,,,,,,,,,,,,,,,,,,,,,,,,
12/11/28,,,,,,,,,,,,,,,,,,,,,,,,
12/18/28,,,,,,,,,,,,,,,,,,,,,,,,
12/25/28,,,,,,,,,,,,,,,,,,,,,,,,
1/1/29,,,,,,,,,,,,,,,,,,,,,,,,
1/8/29,,,,,,,,,,,,,,,,,,,,,,,,
1/15/29,,,,,,,,,,,,,,,,,,,,,,,,
1/22/29,,,,,,,,,,,,,,,,,,,,,,,,
1/29/29,,,,,,,,,,,,,,,,,,,,,,,,
2/5/29,,,,,,,,,,,,,,,,,,,,,,,,
2/12/29,,,,,,,,,,,,,,,,,,,,,,,,
2/19/29,,,,,,,,,,,,,,,,,,,,,,,,
2/26/29,,,,,,,,,,,,,,,,,,,,,,,,
3/5/29,,,,,,,,,,,,,,,,,,,,,,,,
3/12/29,,,,,,,,,,,,,,,,,,,,,,,,
3/19/29,,,,,,,,,,,,,,,,,,,,,,,,
3/26/29,,,,,,,,,,,,,,,,,,,,,,,,
4/2/29,,,,,,,,,,,,,,,,,,,,,,,,
4/9/29,,,,,,,,,,,,,,,,,,,,,,,,
4/16/29,,,,,,,,,,,,,,,,,,,,,,,,
4/23/29,,,,,,,,,,,,,,,,,,,,,,,,
4/30/29,,,,,,,,,,,,,,,,,,,,,,,,
5/7/29,,,,,,,,,,,,,,,,,,,,,,,,
5/14/29,,,,,,,,,,,,,,,,,,,,,,,,
5/21/29,,,,,,,,,,,,,,,,,,,,,,,,
5/28/29,,,,,,,,,,,,,,,,,,,,,,,,
6/4/29,,,,,,,,,,,,,,,,,,,,,,,,
6/11/29,,,,,,,,,,,,,,,,,,,,,,,,
6/18/29,,,,,,,,,,,,,,,,,,,,,,,,
6/25/29,,,,,,,,,,,,,,,,,,,,,,,,
7/2/29,,,,,,,,,,,,,,,,,,,,,,,,
7/9/29,,,,,,,,,,,,,,,,,,,,,,,,
7/16/29,,,,,,,,,,,,,,,,,,,,,,,,
7/23/29,,,,,,,,,,,,,,,,,,,,,,,,
7/30/29,,,,,,,,,,,,,,,,,,,,,,,,
8/6/29,,,,,,,,,,,,,,,,,,,,,,,,
8/13/29,,,,,,,,,,,,,,,,,,,,,,,,
8/20/29,,,,,,,,,,,,,,,,,,,,,,,,
8/27/29,,,,,,,,,,,,,,,,,,,,,,,,
9/3/29,,,,,,,,,,,,,,,,,,,,,,,,
9/10/29,,,,,,,,,,,,,,,,,,,,,,,,
9/17/29,,,,,,,,,,,,,,,,,,,,,,,,
9/24/29,,,,,,,,,,,,,,,,,,,,,,,,
10/1/29,,,,,,,,,,,,,,,,,,,,,,,,
10/8/29,,,,,,,,,,,,,,,,,,,,,,,,
10/15/29,,,,,,,,,,,,,,,,,,,,,,,,
10/22/29,,,,,,,,,,,,,,,,,,,,,,,,
10/29/29,,,,,,,,,,,,,,,,,,,,,,,,
11/5/29,,,,,,,,,,,,,,,,,,,,,,,,
11/12/29,,,,,,,,,,,,,,,,,,,,,,,,
11/19/29,,,,,,,,,,,,,,,,,,,,,,,,
11/26/29,,,,,,,,,,,,,,,,,,,,,,,,
12/3/29,,,,,,,,,,,,,,,,,,,,,,,,
12/10/29,,,,,,,,,,,,,,,,,,,,,,,,
12/17/29,,,,,,,,,,,,,,,,,,,,,,,,
12/24/29,,,,,,,,,,,,,,,,,,,,,,,,
12/31/29,,,,,,,,,,,,,,,,,,,,,,,,
1/7/30,,,,,,,,,,,,,,,,,,,,,,,,
1/14/30,,,,,,,,,,,,,,,,,,,,,,,,
1/21/30,,,,,,,,,,,,,,,,,,,,,,,,
1/28/30,,,,,,,,,,,,,,,,,,,,,,,,
2/4/30,,,,,,,,,,,,,,,,,,,,,,,,
2/11/30,,,,,,,,,,,,,,,,,,,,,,,,
2/18/30,,,,,,,,,,,,,,,,,,,,,,,,
2/25/30,,,,,,,,,,,,,,,,,,,,,,,,
3/4/30,,,,,,,,,,,,,,,,,,,,,,,,
3/11/30,,,,,,,,,,,,,,,,,,,,,,,,
3/18/30,,,,,,,,,,,,,,,,,,,,,,,,
3/25/30,,,,,,,,,,,,,,,,,,,,,,,,
4/1/30,,,,,,,,,,,,,,,,,,,,,,,,
4/8/30,,,,,,,,,,,,,,,,,,,,,,,,
4/15/30,,,,,,,,,,,,,,,,,,,,,,,,
4/22/30,,,,,,,,,,,,,,,,,,,,,,,,
4/29/30,,,,,,,,,,,,,,,,,,,,,,,,
5/6/30,,,,,,,,,,,,,,,,,,,,,,,,
5/13/30,,,,,,,,,,,,,,,,,,,,,,,,
5/20/30,,,,,,,,,,,,,,,,,,,,,,,,
5/27/30,,,,,,,,,,,,,,,,,,,,,,,,
6/3/30,,,,,,,,,,,,,,,,,,,,,,,,
6/10/30,,,,,,,,,,,,,,,,,,,,,,,,
6/17/30,,,,,,,,,,,,,,,,,,,,,,,,
6/24/30,,,,,,,,,,,,,,,,,,,,,,,,
7/1/30,,,,,,,,,,,,,,,,,,,,,,,,
7/8/30,,,,,,,,,,,,,,,,,,,,,,,,
7/15/30,,,,,,,,,,,,,,,,,,,,,,,,
7/22/30,,,,,,,,,,,,,,,,,,,,,,,,
7/29/30,,,,,,,,,,,,,,,,,,,,,,,,
8/5/30,,,,,,,,,,,,,,,,,,,,,,,,
8/12/30,,,,,,,,,,,,,,,,,,,,,,,,
8/19/30,,,,,,,,,,,,,,,,,,,,,,,,
8/26/30,,,,,,,,,,,,,,,,,,,,,,,,
9/2/30,,,,,,,,,,,,,,,,,,,,,,,,
9/9/30,,,,,,,,,,,,,,,,,,,,,,,,
9/16/30,,,,,,,,,,,,,,,,,,,,,,,,
9/23/30,,,,,,,,,,,,,,,,,,,,,,,,
9/30/30,,,,,,,,,,,,,,,,,,,,,,,,
10/7/30,,,,,,,,,,,,,,,,,,,,,,,,
10/14/30,,,,,,,,,,,,,,,,,,,,,,,,
10/21/30,,,,,,,,,,,,,,,,,,,,,,,,
10/28/30,,,,,,,,,,,,,,,,,,,,,,,,
11/4/30,,,,,,,,,,,,,,,,,,,,,,,,
11/11/30,,,,,,,,,,,,,,,,,,,,,,,,
11/18/30,,,,,,,,,,,,,,,,,,,,,,,,
11/25/30,,,,,,,,,,,,,,,,,,,,,,,,
12/2/30,,,,,,,,,,,,,,,,,,,,,,,,
12/9/30,,,,,,,,,,,,,,,,,,,,,,,,
12/16/30,,,,,,,,,,,,,,,,,,,,,,,,
12/23/30,,,,,,,,,,,,,,,,,,,,,,,,
12/30/30,,,,,,,,,,,,,,,,,,,,,,,,
1/6/31,,,,,,,,,,,,,,,,,,,,,,,,
1/13/31,,,,,,,,,,,,,,,,,,,,,,,,
1/20/31,,,,,,,,,,,,,,,,,,,,,,,,
1/27/31,,,,,,,,,,,,,,,,,,,,,,,,
2/3/31,,,,,,,,,,,,,,,,,,,,,,,,
2/10/31,,,,,,,,,,,,,,,,,,,,,,,,
2/17/31,,,,,,,,,,,,,,,,,,,,,,,,
2/24/31,,,,,,,,,,,,,,,,,,,,,,,,
3/3/31,,,,,,,,,,,,,,,,,,,,,,,,
3/10/31,,,,,,,,,,,,,,,,,,,,,,,,
3/17/31,,,,,,,,,,,,,,,,,,,,,,,,
3/24/31,,,,,,,,,,,,,,,,,,,,,,,,
3/31/31,,,,,,,,,,,,,,,,,,,,,,,,
4/7/31,,,,,,,,,,,,,,,,,,,,,,,,
4/14/31,,,,,,,,,,,,,,,,,,,,,,,,
4/21/31,,,,,,,,,,,,,,,,,,,,,,,,
4/28/31,,,,,,,,,,,,,,,,,,,,,,,,
5/5/31,,,,,,,,,,,,,,,,,,,,,,,,
5/12/31,,,,,,,,,,,,,,,,,,,,,,,,
5/19/31,,,,,,,,,,,,,,,,,,,,,,,,
5/26/31,,,,,,,,,,,,,,,,,,,,,,,,
6/2/31,,,,,,,,,,,,,,,,,,,,,,,,
6/9/31,,,,,,,,,,,,,,,,,,,,,,,,
6/16/31,,,,,,,,,,,,,,,,,,,,,,,,
6/23/31,,,,,,,,,,,,,,,,,,,,,,,,
6/30/31,,,,,,,,,,,,,,,,,,,,,,,,
7/7/31,,,,,,,,,,,,,,,,,,,,,,,,
7/14/31,,,,,,,,,,,,,,,,,,,,,,,,
7/21/31,,,,,,,,,,,,,,,,,,,,,,,,
7/28/31,,,,,,,,,,,,,,,,,,,,,,,,
8/4/31,,,,,,,,,,,,,,,,,,,,,,,,
8/11/31,,,,,,,,,,,,,,,,,,,,,,,,
8/18/31,,,,,,,,,,,,,,,,,,,,,,,,
8/25/31,,,,,,,,,,,,,,,,,,,,,,,,
9/1/31,,,,,,,,,,,,,,,,,,,,,,,,
9/8/31,,,,,,,,,,,,,,,,,,,,,,,,
9/15/31,,,,,,,,,,,,,,,,,,,,,,,,
9/22/31,,,,,,,,,,,,,,,,,,,,,,,,
9/29/31,,,,,,,,,,,,,,,,,,,,,,,,
10/6/31,,,,,,,,,,,,,,,,,,,,,,,,
10/13/31,,,,,,,,,,,,,,,,,,,,,,,,
10/20/31,,,,,,,,,,,,,,,,,,,,,,,,
10/27/31,,,,,,,,,,,,,,,,,,,,,,,,
11/3/31,,,,,,,,,,,,,,,,,,,,,,,,
11/10/31,,,,,,,,,,,,,,,,,,,,,,,,
11/17/31,,,,,,,,,,,,,,,,,,,,,,,,
11/24/31,,,,,,,,,,,,,,,,,,,,,,,,
12/1/31,,,,,,,,,,,,,,,,,,,,,,,,
12/8/31,,,,,,,,,,,,,,,,,,,,,,,,
12/15/31,,,,,,,,,,,,,,,,,,,,,,,,
12/22/31,,,,,,,,,,,,,,,,,,,,,,,,
12/29/31,,,,,,,,,,,,,,,,,,,,,,,,
1/5/32,,,,,,,,,,,,,,,,,,,,,,,,
1/12/32,,,,,,,,,,,,,,,,,,,,,,,,
1/19/32,,,,,,,,,,,,,,,,,,,,,,,,
1/26/32,,,,,,,,,,,,,,,,,,,,,,,,
2/2/32,,,,,,,,,,,,,,,,,,,,,,,,
2/9/32,,,,,,,,,,,,,,,,,,,,,,,,
2/16/32,,,,,,,,,,,,,,,,,,,,,,,,
2/23/32,,,,,,,,,,,,,,,,,,,,,,,,
3/1/32,,,,,,,,,,,,,,,,,,,,,,,,
3/8/32,,,,,,,,,,,,,,,,,,,,,,,,
3/15/32,,,,,,,,,,,,,,,,,,,,,,,,
3/22/32,,,,,,,,,,,,,,,,,,,,,,,,
3/29/32,,,,,,,,,,,,,,,,,,,,,,,,
4/5/32,,,,,,,,,,,,,,,,,,,,,,,,
4/12/32,,,,,,,,,,,,,,,,,,,,,,,,
4/19/32,,,,,,,,,,,,,,,,,,,,,,,,
4/26/32,,,,,,,,,,,,,,,,,,,,,,,,
5/3/32,,,,,,,,,,,,,,,,,,,,,,,,
5/10/32,,,,,,,,,,,,,,,,,,,,,,,,
5/17/32,,,,,,,,,,,,,,,,,,,,,,,,
5/24/32,,,,,,,,,,,,,,,,,,,,,,,,
5/31/32,,,,,,,,,,,,,,,,,,,,,,,,
6/7/32,,,,,,,,,,,,,,,,,,,,,,,,
6/14/32,,,,,,,,,,,,,,,,,,,,,,,,
6/21/32,,,,,,,,,,,,,,,,,,,,,,,,
6/28/32,,,,,,,,,,,,,,,,,,,,,,,,
7/5/32,,,,,,,,,,,,,,,,,,,,,,,,
7/12/32,,,,,,,,,,,,,,,,,,,,,,,,
7/19/32,,,,,,,,,,,,,,,,,,,,,,,,
7/26/32,,,,,,,,,,,,,,,,,,,,,,,,
8/2/32,,,,,,,,,,,,,,,,,,,,,,,,
8/9/32,,,,,,,,,,,,,,,,,,,,,,,,
8/16/32,,,,,,,,,,,,,,,,,,,,,,,,
8/23/32,,,,,,,,,,,,,,,,,,,,,,,,
8/30/32,,,,,,,,,,,,,,,,,,,,,,,,
9/6/32,,,,,,,,,,,,,,,,,,,,,,,,
9/13/32,,,,,,,,,,,,,,,,,,,,,,,,
9/20/32,,,,,,,,,,,,,,,,,,,,,,,,
9/27/32,,,,,,,,,,,,,,,,,,,,,,,,
10/4/32,,,,,,,,,,,,,,,,,,,,,,,,
10/11/32,,,,,,,,,,,,,,,,,,,,,,,,
10/18/32,,,,,,,,,,,,,,,,,,,,,,,,
10/25/32,,,,,,,,,,,,,,,,,,,,,,,,
11/1/32,,,,,,,,,,,,,,,,,,,,,,,,
11/8/32,,,,,,,,,,,,,,,,,,,,,,,,
11/15/32,,,,,,,,,,,,,,,,,,,,,,,,
11/22/32,,,,,,,,,,,,,,,,,,,,,,,,
11/29/32,,,,,,,,,,,,,,,,,,,,,,,,
12/6/32,,,,,,,,,,,,,,,,,,,,,,,,
12/13/32,,,,,,,,,,,,,,,,,,,,,,,,
12/20/32,,,,,,,,,,,,,,,,,,,,,,,,
12/27/32,,,,,,,,,,,,,,,,,,,,,,,,
1/3/33,,,,,,,,,,,,,,,,,,,,,,,,
1/10/33,,,,,,,,,,,,,,,,,,,,,,,,
1/17/33,,,,,,,,,,,,,,,,,,,,,,,,
1/24/33,,,,,,,,,,,,,,,,,,,,,,,,
1/31/33,,,,,,,,,,,,,,,,,,,,,,,,
2/7/33,,,,,,,,,,,,,,,,,,,,,,,,
2/14/33,,,,,,,,,,,,,,,,,,,,,,,,
2/21/33,,,,,,,,,,,,,,,,,,,,,,,,
2/28/33,,,,,,,,,,,,,,,,,,,,,,,,
3/7/33,,,,,,,,,,,,,,,,,,,,,,,,
3/14/33,,,,,,,,,,,,,,,,,,,,,,,,
3/21/33,,,,,,,,,,,,,,,,,,,,,,,,
3/28/33,,,,,,,,,,,,,,,,,,,,,,,,
4/4/33,,,,,,,,,,,,,,,,,,,,,,,,
4/11/33,,,,,,,,,,,,,,,,,,,,,,,,
4/18/33,,,,,,,,,,,,,,,,,,,,,,,,
4/25/33,,,,,,,,,,,,,,,,,,,,,,,,
5/2/33,,,,,,,,,,,,,,,,,,,,,,,,
5/9/33,,,,,,,,,,,,,,,,,,,,,,,,
5/16/33,,,,,,,,,,,,,,,,,,,,,,,,
5/23/33,,,,,,,,,,,,,,,,,,,,,,,,
5/30/33,,,,,,,,,,,,,,,,,,,,,,,,
6/6/33,,,,,,,,,,,,,,,,,,,,,,,,
6/13/33,,,,,,,,,,,,,,,,,,,,,,,,
6/20/33,,,,,,,,,,,,,,,,,,,,,,,,
6/27/33,,,,,,,,,,,,,,,,,,,,,,,,
7/4/33,,,,,,,,,,,,,,,,,,,,,,,,
7/11/33,,,,,,,,,,,,,,,,,,,,,,,,
7/18/33,,,,,,,,,,,,,,,,,,,,,,,,
7/25/33,,,,,,,,,,,,,,,,,,,,,,,,
8/1/33,,,,,,,,,,,,,,,,,,,,,,,,
8/8/33,,,,,,,,,,,,,,,,,,,,,,,,
8/15/33,,,,,,,,,,,,,,,,,,,,,,,,
8/22/33,,,,,,,,,,,,,,,,,,,,,,,,
8/29/33,,,,,,,,,,,,,,,,,,,,,,,,
9/5/33,,,,,,,,,,,,,,,,,,,,,,,,
9/12/33,,,,,,,,,,,,,,,,,,,,,,,,
9/19/33,,,,,,,,,,,,,,,,,,,,,,,,
9/26/33,,,,,,,,,,,,,,,,,,,,,,,,
10/3/33,,,,,,,,,,,,,,,,,,,,,,,,
10/10/33,,,,,,,,,,,,,,,,,,,,,,,,
10/17/33,,,,,,,,,,,,,,,,,,,,,,,,
10/24/33,,,,,,,,,,,,,,,,,,,,,,,,
10/31/33,,,,,,,,,,,,,,,,,,,,,,,,
11/7/33,,,,,,,,,,,,,,,,,,,,,,,,
11/14/33,,,,,,,,,,,,,,,,,,,,,,,,
11/21/33,,,,,,,,,,,,,,,,,,,,,,,,
11/28/33,,,,,,,,,,,,,,,,,,,,,,,,
12/5/33,,,,,,,,,,,,,,,,,,,,,,,,
12/12/33,,,,,,,,,,,,,,,,,,,,,,,,
12/19/33,,,,,,,,,,,,,,,,,,,,,,,,
12/26/33,,,,,,,,,,,,,,,,,,,,,,,,
1/2/34,,,,,,,,,,,,,,,,,,,,,,,,
1/9/34,,,,,,,,,,,,,,,,,,,,,,,,
1/16/34,,,,,,,,,,,,,,,,,,,,,,,,
1/23/34,,,,,,,,,,,,,,,,,,,,,,,,
1/30/34,,,,,,,,,,,,,,,,,,,,,,,,
2/6/34,,,,,,,,,,,,,,,,,,,,,,,,
2/13/34,,,,,,,,,,,,,,,,,,,,,,,,
2/20/34,,,,,,,,,,,,,,,,,,,,,,,,
2/27/34,,,,,,,,,,,,,,,,,,,,,,,,
3/6/34,,,,,,,,,,,,,,,,,,,,,,,,
3/13/34,,,,,,,,,,,,,,,,,,,,,,,,
3/20/34,,,,,,,,,,,,,,,,,,,,,,,,
3/27/34,,,,,,,,,,,,,,,,,,,,,,,,
4/3/34,,,,,,,,,,,,,,,,,,,,,,,,
4/10/34,,,,,,,,,,,,,,,,,,,,,,,,
4/17/34,,,,,,,,,,,,,,,,,,,,,,,,
4/24/34,,,,,,,,,,,,,,,,,,,,,,,,
5/1/34,,,,,,,,,,,,,,,,,,,,,,,,
5/8/34,,,,,,,,,,,,,,,,,,,,,,,,
5/15/34,,,,,,,,,,,,,,,,,,,,,,,,
5/22/34,,,,,,,,,,,,,,,,,,,,,,,,
5/29/34,,,,,,,,,,,,,,,,,,,,,,,,
6/5/34,,,,,,,,,,,,,,,,,,,,,,,,
6/12/34,,,,,,,,,,,,,,,,,,,,,,,,
6/19/34,,,,,,,,,,,,,,,,,,,,,,,,
6/26/34,,,,,,,,,,,,,,,,,,,,,,,,
7/3/34,,,,,,,,,,,,,,,,,,,,,,,,
7/10/34,,,,,,,,,,,,,,,,,,,,,,,,
7/17/34,,,,,,,,,,,,,,,,,,,,,,,,
7/24/34,,,,,,,,,,,,,,,,,,,,,,,,
7/31/34,,,,,,,,,,,,,,,,,,,,,,,,
8/7/34,,,,,,,,,,,,,,,,,,,,,,,,
8/14/34,,,,,,,,,,,,,,,,,,,,,,,,
8/21/34,,,,,,,,,,,,,,,,,,,,,,,,
8/28/34,,,,,,,,,,,,,,,,,,,,,,,,
9/4/34,,,,,,,,,,,,,,,,,,,,,,,,
9/11/34,,,,,,,,,,,,,,,,,,,,,,,,
9/18/34,,,,,,,,,,,,,,,,,,,,,,,,
9/25/34,,,,,,,,,,,,,,,,,,,,,,,,
10/2/34,,,,,,,,,,,,,,,,,,,,,,,,
10/9/34,,,,,,,,,,,,,,,,,,,,,,,,
10/16/34,,,,,,,,,,,,,,,,,,,,,,,,
10/23/34,,,,,,,,,,,,,,,,,,,,,,,,
10/30/34,,,,,,,,,,,,,,,,,,,,,,,,
11/6/34,,,,,,,,,,,,,,,,,,,,,,,,
11/13/34,,,,,,,,,,,,,,,,,,,,,,,,
11/20/34,,,,,,,,,,,,,,,,,,,,,,,,
11/27/34,,,,,,,,,,,,,,,,,,,,,,,,
12/4/34,,,,,,,,,,,,,,,,,,,,,,,,
12/11/34,,,,,,,,,,,,,,,,,,,,,,,,
12/18/34,,,,,,,,,,,,,,,,,,,,,,,,
12/25/34,,,,,,,,,,,,,,,,,,,,,,,,
1/1/35,,,,,,,,,,,,,,,,,,,,,,,,
1/8/35,,,,,,,,,,,,,,,,,,,,,,,,
1/15/35,,,,,,,,,,,,,,,,,,,,,,,,
1/22/35,,,,,,,,,,,,,,,,,,,,,,,,
1/29/35,,,,,,,,,,,,,,,,,,,,,,,,
2/5/35,,,,,,,,,,,,,,,,,,,,,,,,
2/12/35,,,,,,,,,,,,,,,,,,,,,,,,
2/19/35,,,,,,,,,,,,,,,,,,,,,,,,
2/26/35,,,,,,,,,,,,,,,,,,,,,,,,
3/5/35,,,,,,,,,,,,,,,,,,,,,,,,
3/12/35,,,,,,,,,,,,,,,,,,,,,,,,
3/19/35,,,,,,,,,,,,,,,,,,,,,,,,
3/26/35,,,,,,,,,,,,,,,,,,,,,,,,
4/2/35,,,,,,,,,,,,,,,,,,,,,,,,
4/9/35,,,,,,,,,,,,,,,,,,,,,,,,
4/16/35,,,,,,,,,,,,,,,,,,,,,,,,
4/23/35,,,,,,,,,,,,,,,,,,,,,,,,
4/30/35,,,,,,,,,,,,,,,,,,,,,,,,
5/7/35,,,,,,,,,,,,,,,,,,,,,,,,
5/14/35,,,,,,,,,,,,,,,,,,,,,,,,
5/21/35,,,,,,,,,,,,,,,,,,,,,,,,
5/28/35,,,,,,,,,,,,,,,,,,,,,,,,
6/4/35,,,,,,,,,,,,,,,,,,,,,,,,
6/11/35,,,,,,,,,,,,,,,,,,,,,,,,
6/18/35,,,,,,,,,,,,,,,,,,,,,,,,
6/25/35,,,,,,,,,,,,,,,,,,,,,,,,
7/2/35,,,,,,,,,,,,,,,,,,,,,,,,
7/9/35,,,,,,,,,,,,,,,,,,,,,,,,
7/16/35,,,,,,,,,,,,,,,,,,,,,,,,
7/23/35,,,,,,,,,,,,,,,,,,,,,,,,
7/30/35,,,,,,,,,,,,,,,,,,,,,,,,
8/6/35,,,,,,,,,,,,,,,,,,,,,,,,
8/13/35,,,,,,,,,,,,,,,,,,,,,,,,
8/20/35,,,,,,,,,,,,,,,,,,,,,,,,
8/27/35,,,,,,,,,,,,,,,,,,,,,,,,
9/3/35,,,,,,,,,,,,,,,,,,,,,,,,
9/10/35,,,,,,,,,,,,,,,,,,,,,,,,
9/17/35,,,,,,,,,,,,,,,,,,,,,,,,
9/24/35,,,,,,,,,,,,,,,,,,,,,,,,
10/1/35,,,,,,,,,,,,,,,,,,,,,,,,
10/8/35,,,,,,,,,,,,,,,,,,,,,,,,
10/15/35,,,,,,,,,,,,,,,,,,,,,,,,
10/22/35,,,,,,,,,,,,,,,,,,,,,,,,
10/29/35,,,,,,,,,,,,,,,,,,,,,,,,
11/5/35,,,,,,,,,,,,,,,,,,,,,,,,
11/12/35,,,,,,,,,,,,,,,,,,,,,,,,
11/19/35,,,,,,,,,,,,,,,,,,,,,,,,
11/26/35,,,,,,,,,,,,,,,,,,,,,,,,
12/3/35,,,,,,,,,,,,,,,,,,,,,,,,
12/10/35,,,,,,,,,,,,,,,,,,,,,,,,
12/17/35,,,,,,,,,,,,,,,,,,,,,,,,
12/24/35,,,,,,,,,,,,,,,,,,,,,,,,
12/31/35,,,,,,,,,,,,,,,,,,,,,,,,
1/7/36,,,,,,,,,,,,,,,,,,,,,,,,
1/14/36,,,,,,,,,,,,,,,,,,,,,,,,
1/21/36,,,,,,,,,,,,,,,,,,,,,,,,
1/28/36,,,,,,,,,,,,,,,,,,,,,,,,
2/4/36,,,,,,,,,,,,,,,,,,,,,,,,
2/11/36,,,,,,,,,,,,,,,,,,,,,,,,
2/18/36,,,,,,,,,,,,,,,,,,,,,,,,
2/25/36,,,,,,,,,,,,,,,,,,,,,,,,
3/3/36,,,,,,,,,,,,,,,,,,,,,,,,
3/10/36,,,,,,,,,,,,,,,,,,,,,,,,
3/17/36,,,,,,,,,,,,,,,,,,,,,,,,
3/24/36,,,,,,,,,,,,,,,,,,,,,,,,
3/31/36,,,,,,,,,,,,,,,,,,,,,,,,
4/7/36,,,,,,,,,,,,,,,,,,,,,,,,
4/14/36,,,,,,,,,,,,,,,,,,,,,,,,
4/21/36,,,,,,,,,,,,,,,,,,,,,,,,
4/28/36,,,,,,,,,,,,,,,,,,,,,,,,
5/5/36,,,,,,,,,,,,,,,,,,,,,,,,
5/12/36,,,,,,,,,,,,,,,,,,,,,,,,
5/19/36,,,,,,,,,,,,,,,,,,,,,,,,
5/26/36,,,,,,,,,,,,,,,,,,,,,,,,
6/2/36,,,,,,,,,,,,,,,,,,,,,,,,
6/9/36,,,,,,,,,,,,,,,,,,,,,,,,
6/16/36,,,,,,,,,,,,,,,,,,,,,,,,
6/23/36,,,,,,,,,,,,,,,,,,,,,,,,
6/30/36,,,,,,,,,,,,,,,,,,,,,,,,
7/7/36,,,,,,,,,,,,,,,,,,,,,,,,
7/14/36,,,,,,,,,,,,,,,,,,,,,,,,
7/21/36,,,,,,,,,,,,,,,,,,,,,,,,
7/28/36,,,,,,,,,,,,,,,,,,,,,,,,
8/4/36,,,,,,,,,,,,,,,,,,,,,,,,
8/11/36,,,,,,,,,,,,,,,,,,,,,,,,
8/18/36,,,,,,,,,,,,,,,,,,,,,,,,
8/25/36,,,,,,,,,,,,,,,,,,,,,,,,
9/1/36,,,,,,,,,,,,,,,,,,,,,,,,
9/8/36,,,,,,,,,,,,,,,,,,,,,,,,
9/15/36,,,,,,,,,,,,,,,,,,,,,,,,
9/22/36,,,,,,,,,,,,,,,,,,,,,,,,
9/29/36,,,,,,,,,,,,,,,,,,,,,,,,
10/6/36,,,,,,,,,,,,,,,,,,,,,,,,
10/13/36,,,,,,,,,,,,,,,,,,,,,,,,
10/20/36,,,,,,,,,,,,,,,,,,,,,,,,
10/27/36,,,,,,,,,,,,,,,,,,,,,,,,
11/3/36,,,,,,,,,,,,,,,,,,,,,,,,
11/10/36,,,,,,,,,,,,,,,,,,,,,,,,
11/17/36,,,,,,,,,,,,,,,,,,,,,,,,
11/24/36,,,,,,,,,,,,,,,,,,,,,,,,
12/1/36,,,,,,,,,,,,,,,,,,,,,,,,
12/8/36,,,,,,,,,,,,,,,,,,,,,,,,
12/15/36,,,,,,,,,,,,,,,,,,,,,,,,
12/22/36,,,,,,,,,,,,,,,,,,,,,,,,
12/29/36,,,,,,,,,,,,,,,,,,,,,,,,
1/5/37,,,,,,,,,,,,,,,,,,,,,,,,
1/12/37,,,,,,,,,,,,,,,,,,,,,,,,
1/19/37,,,,,,,,,,,,,,,,,,,,,,,,
1/26/37,,,,,,,,,,,,,,,,,,,,,,,,
2/2/37,,,,,,,,,,,,,,,,,,,,,,,,
2/9/37,,,,,,,,,,,,,,,,,,,,,,,,
2/16/37,,,,,,,,,,,,,,,,,,,,,,,,
2/23/37,,,,,,,,,,,,,,,,,,,,,,,,
3/2/37,,,,,,,,,,,,,,,,,,,,,,,,
3/9/37,,,,,,,,,,,,,,,,,,,,,,,,
3/16/37,,,,,,,,,,,,,,,,,,,,,,,,
3/23/37,,,,,,,,,,,,,,,,,,,,,,,,
3/30/37,,,,,,,,,,,,,,,,,,,,,,,,
4/6/37,,,,,,,,,,,,,,,,,,,,,,,,
4/13/37,,,,,,,,,,,,,,,,,,,,,,,,
4/20/37,,,,,,,,,,,,,,,,,,,,,,,,
4/27/37,,,,,,,,,,,,,,,,,,,,,,,,
5/4/37,,,,,,,,,,,,,,,,,,,,,,,,
5/11/37,,,,,,,,,,,,,,,,,,,,,,,,
5/18/37,,,,,,,,,,,,,,,,,,,,,,,,
5/25/37,,,,,,,,,,,,,,,,,,,,,,,,
6/1/37,,,,,,,,,,,,,,,,,,,,,,,,
6/8/37,,,,,,,,,,,,,,,,,,,,,,,,
6/15/37,,,,,,,,,,,,,,,,,,,,,,,,
6/22/37,,,,,,,,,,,,,,,,,,,,,,,,
6/29/37,,,,,,,,,,,,,,,,,,,,,,,,
7/6/37,,,,,,,,,,,,,,,,,,,,,,,,
7/13/37,,,,,,,,,,,,,,,,,,,,,,,,
7/20/37,,,,,,,,,,,,,,,,,,,,,,,,
7/27/37,,,,,,,,,,,,,,,,,,,,,,,,
8/3/37,,,,,,,,,,,,,,,,,,,,,,,,
8/10/37,,,,,,,,,,,,,,,,,,,,,,,,
8/17/37,,,,,,,,,,,,,,,,,,,,,,,,
8/24/37,,,,,,,,,,,,,,,,,,,,,,,,
8/31/37,,,,,,,,,,,,,,,,,,,,,,,,
9/7/37,,,,,,,,,,,,,,,,,,,,,,,,
9/14/37,,,,,,,,,,,,,,,,,,,,,,,,
9/21/37,,,,,,,,,,,,,,,,,,,,,,,,
9/28/37,,,,,,,,,,,,,,,,,,,,,,,,
10/5/37,,,,,,,,,,,,,,,,,,,,,,,,
10/12/37,,,,,,,,,,,,,,,,,,,,,,,,
10/19/37,,,,,,,,,,,,,,,,,,,,,,,,
10/26/37,,,,,,,,,,,,,,,,,,,,,,,,
11/2/37,,,,,,,,,,,,,,,,,,,,,,,,
11/9/37,,,,,,,,,,,,,,,,,,,,,,,,
11/16/37,,,,,,,,,,,,,,,,,,,,,,,,
11/23/37,,,,,,,,,,,,,,,,,,,,,,,,
11/30/37,,,,,,,,,,,,,,,,,,,,,,,,
12/7/37,,,,,,,,,,,,,,,,,,,,,,,,
12/14/37,,,,,,,,,,,,,,,,,,,,,,,,
12/21/37,,,,,,,,,,,,,,,,,,,,,,,,
12/28/37,,,,,,,,,,,,,,,,,,,,,,,,
1/4/38,,,,,,,,,,,,,,,,,,,,,,,,
1/11/38,,,,,,,,,,,,,,,,,,,,,,,,
1/18/38,,,,,,,,,,,,,,,,,,,,,,,,
1/25/38,,,,,,,,,,,,,,,,,,,,,,,,
2/1/38,,,,,,,,,,,,,,,,,,,,,,,,
2/8/38,,,,,,,,,,,,,,,,,,,,,,,,
2/15/38,,,,,,,,,,,,,,,,,,,,,,,,
2/22/38,,,,,,,,,,,,,,,,,,,,,,,,
3/1/38,,,,,,,,,,,,,,,,,,,,,,,,
3/8/38,,,,,,,,,,,,,,,,,,,,,,,,
3/15/38,,,,,,,,,,,,,,,,,,,,,,,,
3/22/38,,,,,,,,,,,,,,,,,,,,,,,,
3/29/38,,,,,,,,,,,,,,,,,,,,,,,,
4/5/38,,,,,,,,,,,,,,,,,,,,,,,,
4/12/38,,,,,,,,,,,,,,,,,,,,,,,,
4/19/38,,,,,,,,,,,,,,,,,,,,,,,,
4/26/38,,,,,,,,,,,,,,,,,,,,,,,,
5/3/38,,,,,,,,,,,,,,,,,,,,,,,,
5/10/38,,,,,,,,,,,,,,,,,,,,,,,,
5/17/38,,,,,,,,,,,,,,,,,,,,,,,,
5/24/38,,,,,,,,,,,,,,,,,,,,,,,,
5/31/38,,,,,,,,,,,,,,,,,,,,,,,,
6/7/38,,,,,,,,,,,,,,,,,,,,,,,,
6/14/38,,,,,,,,,,,,,,,,,,,,,,,,
6/21/38,,,,,,,,,,,,,,,,,,,,,,,,
6/28/38,,,,,,,,,,,,,,,,,,,,,,,,
7/5/38,,,,,,,,,,,,,,,,,,,,,,,,
7/12/38,,,,,,,,,,,,,,,,,,,,,,,,
7/19/38,,,,,,,,,,,,,,,,,,,,,,,,
7/26/38,,,,,,,,,,,,,,,,,,,,,,,,
8/2/38,,,,,,,,,,,,,,,,,,,,,,,,
8/9/38,,,,,,,,,,,,,,,,,,,,,,,,
8/16/38,,,,,,,,,,,,,,,,,,,,,,,,
8/23/38,,,,,,,,,,,,,,,,,,,,,,,,
8/30/38,,,,,,,,,,,,,,,,,,,,,,,,
9/6/38,,,,,,,,,,,,,,,,,,,,,,,,
9/13/38,,,,,,,,,,,,,,,,,,,,,,,,
9/20/38,,,,,,,,,,,,,,,,,,,,,,,,
